ego_x,ego_y,ego_z,ego_yaw,bbox_center_x,bbox_center_y,bbox_center_z,bbox_width,bbox_length,bbox_height,bbox_yaw,Class ID,Class Label
-22343,25794,10000,86,14.444719314575195,0.9152637720108032,-7.733717918395996,39.653099060058594,7.223349571228027,60.744293212890625,1.514803171157837,3,Wind Turbine
15733,22065,10000,-69,37.907989501953125,18.4415225982666,11.848731994628906,30.0900936126709,0.5708671808242798,32.2857666015625,1.9233441352844238,3,Wind Turbine
15733,22065,10000,-69,48.009883880615234,-2.4680559635162354,-0.2918252944946289,10.149303436279297,9.113661766052246,57.540252685546875,1.1054468154907227,3,Wind Turbine
15733,22065,10000,-69,53.10719299316406,-22.591997146606445,18.577550888061523,24.338836669921875,0.8756934404373169,32.544189453125,1.9264558553695679,3,Wind Turbine
15733,22065,10000,-69,52.59379577636719,19.841920852661133,-23.28005599975586,3.6313235759735107,2.1414196491241455,4.160571098327637,2.059471368789673,3,Wind Turbine
15733,22065,10000,-69,58.32951736450195,-10.358654975891113,-22.6696720123291,15.62883472442627,9.96047592163086,10.414223670959473,-2.943793296813965,3,Wind Turbine
15733,22065,10000,-69,53.582725524902344,-23.67104721069336,4.872222900390625,0.5968132019042969,0.20541760325431824,2.791921615600586,2.2155628204345703,3,Wind Turbine
-98533,-29098,10292,-158,95.10840606689453,-19.064985275268555,-27.461021423339844,9.515746116638184,1.6263972520828247,2.6453804969787598,2.920289993286133,3,Wind Turbine
-98533,-29098,10292,-158,111.78497314453125,-2.5781009197235107,-27.036109924316406,50.30948257446289,19.495391845703125,28.996248245239258,3.1019136905670166,3,Wind Turbine
-98533,-29098,10292,-158,107.7286376953125,9.43040657043457,-37.747703552246094,20.364036560058594,4.260908126831055,1.1259889602661133,3.1340298652648926,3,Wind Turbine
-98533,-29098,10292,-158,114.65959167480469,-12.567959785461426,53.20148468017578,1.8822314739227295,0.28850534558296204,1.5003490447998047,-2.846048593521118,3,Wind Turbine
-98533,-29098,10292,-158,120.93562316894531,-10.114219665527344,53.199302673339844,4.6325154304504395,0.5555711984634399,6.478476524353027,-2.705322265625,3,Wind Turbine
-98533,-29098,10292,-158,128.42942810058594,-7.1570281982421875,8.580219268798828,5.513483047485352,0.20226210355758667,5.631027698516846,-2.776965618133545,3,Wind Turbine
-98533,-29098,10292,-158,127.41209411621094,-7.485541343688965,17.42006492614746,2.790851593017578,0.21209806203842163,4.244117736816406,-2.847590446472168,3,Wind Turbine
-98533,-29098,10292,-158,129.9650421142578,-7.438114643096924,-30.47232437133789,4.527379035949707,2.705587148666382,8.638734817504883,-2.7045156955718994,3,Wind Turbine
-98533,-29098,10292,-158,159.92979431152344,-2.014580011367798,22.383747100830078,74.80094146728516,22.382719039916992,120.41985321044922,-2.7925877571105957,3,Wind Turbine
-98533,-29098,10292,-158,133.02163696289062,11.5304536819458,-26.54012680053711,7.487809658050537,3.2796506881713867,5.2523112297058105,1.8883224725723267,3,Wind Turbine
-98533,-29098,10292,-158,136.92396545410156,-19.716461181640625,-26.870235443115234,16.858566284179688,8.713427543640137,13.832263946533203,2.0791783332824707,3,Wind Turbine
-98533,-29098,10292,-158,135.38063049316406,26.46037483215332,-17.31678009033203,2.100792169570923,1.3417221307754517,3.2277321815490723,1.8510315418243408,3,Wind Turbine
-98533,-29098,10292,-158,143.51217651367188,-29.787479400634766,-27.703449249267578,6.882346153259277,5.9711127281188965,4.514191150665283,-3.1039743423461914,3,Wind Turbine
-98533,-29098,10292,-158,143.48452758789062,-6.01995849609375,-25.80662727355957,4.769798278808594,3.641407012939453,10.66960334777832,1.6532318592071533,3,Wind Turbine
-98533,-29098,10292,-158,144.86158752441406,4.464489936828613,-24.85480499267578,4.103250026702881,3.2634763717651367,2.401406764984131,1.1984145641326904,3,Wind Turbine
-98533,-29098,10292,-158,146.72567749023438,0.1349262148141861,2.202604055404663,0.9654560685157776,0.14909076690673828,4.673927307128906,-2.589479684829712,3,Wind Turbine
-98533,-29098,10292,-158,185.77645874023438,15.65912914276123,62.73506164550781,2.156033754348755,0.13821563124656677,2.161893844604492,-2.8364877700805664,3,Wind Turbine
-122197,-56510,10000,67,233.95370483398438,-0.30896973609924316,52.94129180908203,67.24401092529297,12.572610855102539,91.4385986328125,1.2001283168792725,3,Wind Turbine
-122197,-56510,10000,67,229.13136291503906,-22.437673568725586,75.03230285644531,7.353606224060059,0.5327457189559937,6.881275177001953,1.1738638877868652,3,Wind Turbine
-122197,-56510,10000,67,247.33412170410156,20.788330078125,65.283447265625,1.2929162979125977,0.5617901086807251,3.339853286743164,1.0384492874145508,3,Wind Turbine
-122197,-56510,10000,67,249.27101135253906,25.580787658691406,43.96885681152344,6.189960479736328,0.5722758769989014,10.972270965576172,1.1408469676971436,3,Wind Turbine
-115656,-35289,10319,9,21.235065460205078,-3.7518792152404785,2.04257869720459,34.59862518310547,8.905877113342285,35.14471435546875,-2.7945024967193604,3,Wind Turbine
8457,8003,10000,46,105.33734893798828,-31.719684600830078,30.49999237060547,4.695940971374512,0.32008838653564453,12.117546081542969,0.814391016960144,3,Wind Turbine
8457,8003,10000,46,109.68170166015625,-27.096759796142578,23.281200408935547,15.03866195678711,0.54638671875,34.61085891723633,0.828090488910675,3,Wind Turbine
8457,8003,10000,46,125.17928314208984,-3.0856359004974365,11.362497329711914,53.85234451293945,48.39447784423828,127.7999267578125,2.019472599029541,3,Wind Turbine
8457,8003,10000,46,115.09082794189453,-21.37506103515625,19.886947631835938,1.0740196704864502,0.4439687132835388,3.5701584815979004,-2.612351894378662,3,Wind Turbine
8457,8003,10000,46,117.9797592163086,-18.33344841003418,9.636347770690918,5.689438819885254,0.4212028384208679,6.624185562133789,0.8063635230064392,3,Wind Turbine
8457,8003,10000,46,119.36105346679688,-16.981721878051758,1.6030088663101196,1.0353317260742188,0.23815613985061646,3.324972629547119,0.8343327641487122,3,Wind Turbine
8457,8003,10000,46,127.22114562988281,-8.495768547058105,7.15158224105835,3.729574680328369,0.5367850065231323,15.11046314239502,0.8255885243415833,3,Wind Turbine
8457,8003,10000,46,143.4414520263672,8.685934066772461,36.14746856689453,27.007442474365234,1.2942066192626953,34.810245513916016,0.8026812672615051,3,Wind Turbine
8457,8003,10000,46,144.7767333984375,-25.85050392150879,-25.249731063842773,4.191874980926514,2.4496383666992188,4.512414932250977,-2.430449962615967,3,Wind Turbine
8457,8003,10000,46,152.26966857910156,-7.225736141204834,-23.017051696777344,11.184592247009277,2.5688400268554688,5.247509479522705,1.7825868129730225,3,Wind Turbine
8457,8003,10000,46,154.66513061523438,20.593334197998047,38.298072814941406,7.2325568199157715,0.4493024945259094,3.2530927658081055,0.789121150970459,3,Wind Turbine
8457,8003,10000,46,155.52999877929688,21.346054077148438,21.0108642578125,8.931350708007812,0.36253148317337036,5.959031581878662,0.8086373209953308,3,Wind Turbine
8457,8003,10000,46,156.3028564453125,22.198801040649414,49.055519104003906,8.601753234863281,0.541951596736908,12.199997901916504,0.7999115586280823,3,Wind Turbine
8457,8003,10000,46,155.54446411132812,21.213579177856445,11.196676254272461,1.3468927145004272,0.24449053406715393,3.0241787433624268,-2.378819227218628,3,Wind Turbine
8457,8003,10000,46,156.28453063964844,22.198314666748047,30.53058624267578,3.5060853958129883,0.5298247337341309,3.5066652297973633,-2.3742525577545166,3,Wind Turbine
8457,8003,10000,46,161.7467498779297,-15.272278785705566,-20.661853790283203,2.7646708488464355,1.9329601526260376,6.115307807922363,1.502779245376587,3,Wind Turbine
30587,62575,10000,-74,114.43082427978516,5.681071758270264,-31.039024353027344,10.294963836669922,7.279386043548584,11.779956817626953,-3.003889322280884,3,Wind Turbine
30587,62575,10000,-74,152.0711669921875,9.648188591003418,8.442205429077148,79.19901275634766,99.26947021484375,132.7872314453125,-2.9061801433563232,3,Wind Turbine
30587,62575,10000,-74,135.4878692626953,-31.388202667236328,9.741957664489746,19.825098037719727,0.38710442185401917,22.3875732421875,1.8444880247116089,3,Wind Turbine
30587,62575,10000,-74,136.833740234375,-36.27404022216797,34.18491744995117,9.000255584716797,0.48924893140792847,23.004730224609375,1.8492937088012695,3,Wind Turbine
30587,62575,10000,-74,139.36566162109375,41.241432189941406,-27.57809066772461,3.7343084812164307,3.2417125701904297,8.639509201049805,1.5714354515075684,3,Wind Turbine
30587,62575,10000,-74,147.0169677734375,-30.345436096191406,-14.670461654663086,7.010697841644287,2.5694632530212402,5.176133155822754,-2.5602493286132812,3,Wind Turbine
30587,62575,10000,-74,185.61314392089844,-17.527894973754883,-10.186938285827637,7.702884674072266,4.201901435852051,11.202001571655273,2.8775031566619873,3,Wind Turbine
30587,62575,10000,-74,185.8502960205078,-25.186321258544922,-5.121037006378174,4.0933518409729,2.462815046310425,3.1102964878082275,-2.7475197315216064,3,Wind Turbine
30587,62575,10000,-74,198.9534454345703,-4.375258445739746,-4.18831729888916,3.9334046840667725,3.5020077228546143,9.947378158569336,1.3687485456466675,3,Wind Turbine
-20034,-26715,10000,-132,172.4474639892578,-9.848184585571289,47.42405319213867,82.02294921875,13.912042617797852,107.03705596923828,0.8103145956993103,3,Wind Turbine
-20034,-26715,10000,-132,157.41770935058594,-21.45052146911621,73.44914245605469,5.480248928070068,0.5175381898880005,3.34228515625,0.8249983787536621,3,Wind Turbine
-20034,-26715,10000,-132,183.75250244140625,7.224160194396973,22.837663650512695,5.2784624099731445,0.49875137209892273,11.254777908325195,0.8323221206665039,3,Wind Turbine
-20034,-26715,10000,-132,190.3560333251953,14.574016571044922,35.24456787109375,11.414068222045898,0.7123753428459167,27.194744110107422,0.8271674513816833,3,Wind Turbine
-20034,-26715,10000,-132,194.018310546875,18.535985946655273,36.202850341796875,0.9844830632209778,0.49122750759124756,3.590998649597168,-2.3755342960357666,3,Wind Turbine
-20034,-26715,10000,-132,195.9423065185547,20.431013107299805,88.09894561767578,2.3328471183776855,0.2919498682022095,2.5750350952148438,-2.4601409435272217,3,Wind Turbine
-20034,-26715,10000,-132,198.19635009765625,10.625863075256348,-4.6275434494018555,4.425339221954346,3.344266414642334,13.568253517150879,1.7363650798797607,3,Wind Turbine
-20034,-26715,10000,-132,199.4828643798828,30.753679275512695,-7.356570243835449,12.393494606018066,3.7416324615478516,12.14238166809082,1.5719139575958252,3,Wind Turbine
-20034,-26715,10000,-132,201.72169494628906,26.824398040771484,78.07270050048828,9.156790733337402,0.5499017834663391,13.317089080810547,0.8148002028465271,3,Wind Turbine
-20034,-26715,10000,-132,205.7682342529297,-12.667095184326172,5.032032012939453,18.37337303161621,5.533792972564697,13.71879768371582,2.5185370445251465,3,Wind Turbine
-20034,-26715,10000,-132,200.5076904296875,25.4281063079834,89.45536041259766,1.909926176071167,0.24860383570194244,1.7856025695800781,-2.3653225898742676,3,Wind Turbine
-20034,-26715,10000,-132,203.21372985839844,-32.98839569091797,14.89369010925293,2.435488700866699,1.702226996421814,5.068717956542969,1.5055441856384277,3,Wind Turbine
-20034,-26715,10000,-132,205.30426025390625,19.520593643188477,-7.768314361572266,9.266500473022461,3.9869067668914795,12.09974479675293,1.498170018196106,3,Wind Turbine
-20034,-26715,10000,-132,212.46380615234375,-25.053577423095703,11.676131248474121,3.3890774250030518,1.2424205541610718,1.9136714935302734,1.023088812828064,3,Wind Turbine
-20034,-26715,10000,-132,212.4774627685547,-5.965269088745117,2.9750118255615234,3.883466958999634,1.9516037702560425,5.401233673095703,2.003519296646118,3,Wind Turbine
-49352,41525,10000,-91,33.15846633911133,-13.878955841064453,3.268573760986328,39.60622024536133,4.899296283721924,51.01944351196289,1.4320558309555054,3,Wind Turbine
-49352,41525,10000,-91,33.46063232421875,23.57239532470703,12.346662521362305,18.613527297973633,0.6078996658325195,30.426334381103516,1.549530029296875,3,Wind Turbine
-49352,41525,10000,-91,41.322750091552734,18.910398483276367,-18.80655288696289,1.2098126411437988,0.8554475903511047,1.338346004486084,2.3183681964874268,3,Wind Turbine
-49352,41525,10000,-91,44.53240203857422,28.686246871948242,-18.424360275268555,12.778369903564453,6.2595696449279785,7.865276336669922,1.9844200611114502,3,Wind Turbine
-35134,-47977,11339,70,83.2801284790039,-2.844297170639038,12.175420761108398,50.02960205078125,7.311692714691162,71.89939880371094,1.2506740093231201,3,Wind Turbine
-35134,-47977,11339,70,88.28866577148438,3.8619978427886963,3.1795783042907715,0.9865521788597107,0.13138091564178467,7.101616859436035,1.0486992597579956,3,Wind Turbine
-35134,-47977,11339,70,93.10818481445312,17.496301651000977,8.861139297485352,4.169281959533691,0.4201001226902008,11.526103019714355,1.2597317695617676,3,Wind Turbine
-35134,-47977,11339,70,97.32286834716797,29.72488021850586,47.47384262084961,5.0124382972717285,0.5378246903419495,2.928037643432617,1.2153832912445068,3,Wind Turbine
-35134,-47977,11339,70,100.53498077392578,38.533626556396484,49.469757080078125,5.22125244140625,0.31608933210372925,7.495479583740234,1.2092561721801758,3,Wind Turbine
-35134,-47977,11339,70,101.96404266357422,42.38908386230469,47.19057083129883,0.7554018497467041,0.09750839322805405,1.1427783966064453,1.4741592407226562,3,Wind Turbine
34890,23650,10000,-160,141.91574096679688,-11.30954360961914,48.56036376953125,3.6820383071899414,0.25366610288619995,1.0646438598632812,-2.7734735012054443,3,Wind Turbine
34890,23650,10000,-160,145.13229370117188,-10.132316589355469,37.83673095703125,6.515057563781738,0.3049960732460022,7.553362846374512,-2.8067946434020996,3,Wind Turbine
34890,23650,10000,-160,144.0229034423828,-10.561182022094727,57.90021896362305,1.393095850944519,0.2668036222457886,1.1519145965576172,-2.8646128177642822,3,Wind Turbine
34890,23650,10000,-160,145.4333953857422,-10.4946870803833,-19.821523666381836,2.8005857467651367,1.724015474319458,6.123461723327637,1.8957982063293457,3,Wind Turbine
34890,23650,10000,-160,182.4463348388672,-1.3184740543365479,20.7001895904541,83.0098876953125,17.783458709716797,124.73455810546875,-2.8154137134552,3,Wind Turbine
34890,23650,10000,-160,153.6962890625,-7.016579627990723,44.00370788574219,6.198513507843018,0.5706990957260132,2.852768898010254,-2.8017568588256836,3,Wind Turbine
34890,23650,10000,-160,153.3934326171875,-7.151363372802734,35.45763397216797,2.6152873039245605,0.5148355960845947,7.624220848083496,-2.8220620155334473,3,Wind Turbine
34890,23650,10000,-160,166.24185180664062,13.792479515075684,-24.838699340820312,20.314523696899414,9.729704856872559,9.799787521362305,0.9848740100860596,3,Wind Turbine
34890,23650,10000,-160,160.9339599609375,-0.24690046906471252,-24.67537498474121,9.381172180175781,2.333188533782959,5.985198020935059,1.5130360126495361,3,Wind Turbine
34890,23650,10000,-160,171.1201171875,-10.420424461364746,-25.128135681152344,20.03448486328125,18.124305725097656,17.686187744140625,-2.4667487144470215,3,Wind Turbine
34890,23650,10000,-160,177.0090789794922,18.096996307373047,-24.491348266601562,8.091283798217773,3.163639545440674,9.221895217895508,1.2113392353057861,3,Wind Turbine
34890,23650,10000,-160,178.78781127929688,1.839225172996521,31.905942916870117,1.9576966762542725,0.7524290084838867,9.747576713562012,0.7921537160873413,3,Wind Turbine
34890,23650,10000,-160,187.71827697753906,11.095059394836426,-25.543853759765625,22.685396194458008,5.138901710510254,14.60059642791748,1.8194776773452759,3,Wind Turbine
34890,23650,10000,-160,212.95703125,13.793630599975586,63.153236389160156,13.042612075805664,0.3988180160522461,9.618229866027832,-2.8152875900268555,3,Wind Turbine
13212,22306,10000,-48,34.18014144897461,28.500797271728516,22.853153228759766,2.0720760822296143,0.2268151193857193,2.0286107063293457,2.280057907104492,3,Wind Turbine
13212,22306,10000,-48,62.69668960571289,-5.172975540161133,1.8651351928710938,41.54907989501953,20.72320556640625,77.864501953125,2.787899971008301,3,Wind Turbine
13212,22306,10000,-48,50.76265335083008,-13.622878074645996,-22.97903060913086,7.07154655456543,4.522944450378418,4.368240833282471,-2.753514528274536,3,Wind Turbine
13212,22306,10000,-48,56.99418258666992,-20.77735137939453,-23.839454650878906,17.499265670776367,4.794767379760742,7.697334289550781,-2.929776191711426,3,Wind Turbine
13212,22306,10000,-48,55.94606018066406,3.5523388385772705,-0.44197434186935425,0.7482847571372986,0.28123939037323,4.719564437866211,2.4390320777893066,3,Wind Turbine
13212,22306,10000,-48,60.37898635864258,19.59266471862793,-24.650184631347656,4.640091896057129,2.973681926727295,7.394523620605469,2.067903518676758,3,Wind Turbine
13212,22306,10000,-48,75.41905212402344,-6.407883644104004,-22.993240356445312,13.170117378234863,8.022418975830078,11.111743927001953,-2.5747196674346924,3,Wind Turbine
13212,22306,10000,-48,71.93549346923828,2.5035860538482666,-24.094844818115234,3.5936882495880127,1.5072650909423828,6.5824127197265625,-3.1355338096618652,3,Wind Turbine
13212,22306,10000,-48,76.86499786376953,-20.54104232788086,23.165634155273438,6.55125617980957,0.7215952277183533,14.597728729248047,2.303305149078369,3,Wind Turbine
13212,22306,10000,-48,79.32439422607422,-23.286983489990234,13.568239212036133,1.8503668308258057,0.3704950213432312,5.04893684387207,2.3566811084747314,3,Wind Turbine
-64603,-24595,10000,-14,41.928749084472656,7.646982669830322,-16.21417236328125,4.583357810974121,3.090035915374756,6.083567142486572,1.7321703433990479,3,Wind Turbine
-64603,-24595,10000,-14,54.79010772705078,1.69681978225708,-19.425657272338867,18.12392807006836,14.375627517700195,17.758909225463867,-2.4729959964752197,3,Wind Turbine
-64603,-24595,10000,-14,50.95417022705078,-0.029670080170035362,19.83466148376465,2.3668370246887207,1.924620270729065,10.175198554992676,2.179762125015259,3,Wind Turbine
-64603,-24595,10000,-14,57.560096740722656,-8.59243392944336,-18.685176849365234,13.256389617919922,5.798380374908447,14.280126571655273,-2.78083872795105,3,Wind Turbine
-19134,-20245,10000,21,61.36525344848633,-17.133394241333008,29.915616989135742,17.60167694091797,0.4787738621234894,5.872702598571777,-2.749448537826538,3,Wind Turbine
-19134,-20245,10000,21,69.7704849243164,-13.452564239501953,-24.692047119140625,12.222650527954102,4.396295547485352,17.767826080322266,1.2517664432525635,3,Wind Turbine
-19134,-20245,10000,21,71.27865600585938,3.0086700916290283,-20.043514251708984,11.132802963256836,5.493291854858398,13.474664688110352,2.4004476070404053,3,Wind Turbine
-19134,-20245,10000,21,76.85749816894531,7.9106011390686035,-16.404603958129883,7.874959945678711,3.16420578956604,6.225439071655273,2.7211029529571533,3,Wind Turbine
-19134,-20245,10000,21,77.82170867919922,-10.487019538879395,36.06855773925781,8.848482131958008,0.5799164175987244,2.391366958618164,-2.7476418018341064,3,Wind Turbine
-19134,-20245,10000,21,81.26976776123047,-15.075469017028809,-19.85601806640625,2.624910831451416,2.393890857696533,4.934782981872559,-2.5724265575408936,3,Wind Turbine
-19134,-20245,10000,21,83.17993927001953,-8.474452018737793,-0.8475292325019836,0.8232392072677612,0.21729134023189545,2.520073890686035,-2.770730972290039,3,Wind Turbine
-19134,-20245,10000,21,92.42684173583984,-1.7974154949188232,33.002342224121094,18.955400466918945,12.34076976776123,29.257261276245117,1.257532000541687,3,Wind Turbine
-19134,-20245,10000,21,93.35717010498047,-4.373791217803955,12.844908714294434,1.2938733100891113,0.9806830883026123,9.317310333251953,-2.42069411277771,3,Wind Turbine
-4024,22445,10000,-13,187.6612091064453,3.509629249572754,41.56285858154297,14.631904602050781,0.5626837015151978,3.070211410522461,2.9183218479156494,3,Wind Turbine
-4024,22445,10000,-13,186.3755645751953,3.8456547260284424,34.71961212158203,3.3025503158569336,0.38155409693717957,2.4169015884399414,2.9595367908477783,3,Wind Turbine
-4024,22445,10000,-13,190.86959838867188,2.8498423099517822,29.44585418701172,4.894462585449219,0.3634852170944214,3.938624858856201,2.97369384765625,3,Wind Turbine
-4024,22445,10000,-13,219.56956481933594,-0.3000342845916748,41.476749420166016,61.899139404296875,13.169794082641602,80.48065948486328,2.9629290103912354,3,Wind Turbine
-4024,22445,10000,-13,202.18592834472656,0.1228472962975502,42.70245361328125,9.41139030456543,0.4823175072669983,4.510655403137207,3.0028276443481445,3,Wind Turbine
-4024,22445,10000,-13,211.84674072265625,-2.035896062850952,74.962890625,3.493323802947998,0.30851784348487854,9.089946746826172,2.7824132442474365,3,Wind Turbine
-4024,22445,10000,-13,218.7901611328125,-3.570810079574585,81.13484191894531,1.4185967445373535,0.1962013840675354,5.671262741088867,2.658937454223633,3,Wind Turbine
-4024,22445,10000,-13,229.1110382080078,-5.87211799621582,16.958702087402344,3.0018234252929688,0.8767106533050537,11.079997062683105,-3.138489007949829,3,Wind Turbine
-4024,22445,10000,-13,247.22254943847656,-10.24285888671875,33.16154861450195,8.833098411560059,0.5095715522766113,5.097663402557373,2.9487357139587402,3,Wind Turbine
-4024,22445,10000,-13,251.65411376953125,-11.216236114501953,22.706741333007812,9.913455963134766,0.451821506023407,5.984933376312256,2.935319423675537,3,Wind Turbine
-131119,-24241,12662,-30,202.6737518310547,-0.7135278582572937,44.001609802246094,7.858400344848633,0.8036407828330994,31.321475982666016,2.623544931411743,3,Wind Turbine
-131119,-24241,12662,-30,212.0954132080078,-6.3496246337890625,30.524423599243164,14.46347427368164,1.0615109205245972,17.536300659179688,2.614955186843872,3,Wind Turbine
-131119,-24241,12662,-30,210.16494750976562,4.2376275062561035,20.494606018066406,2.1553030014038086,1.9127713441848755,3.985869884490967,-2.4760525226593018,3,Wind Turbine
-131119,-24241,12662,-30,210.57725524902344,-5.335590839385986,50.55259704589844,1.5393540859222412,0.4496154189109802,7.726612091064453,2.259887456893921,3,Wind Turbine
-131119,-24241,12662,-30,221.43487548828125,-11.7069091796875,4.14893913269043,30.263364791870117,1.2338851690292358,42.11676788330078,2.605715036392212,3,Wind Turbine
-131119,-24241,12662,-30,212.30746459960938,-6.204862594604492,61.6246337890625,1.159631371498108,0.3144270181655884,5.673050880432129,2.426342010498047,3,Wind Turbine
-131119,-24241,12662,-30,218.34039306640625,-9.760783195495605,56.09979248046875,1.0974334478378296,0.45654577016830444,5.4077863693237305,2.543431043624878,3,Wind Turbine
-131119,-24241,12662,-30,222.40264892578125,-12.20605182647705,45.97442626953125,5.347934722900391,0.6042720079421997,15.64908504486084,2.669890880584717,3,Wind Turbine
-110165,-24621,10000,139,43.25381088256836,-3.615507125854492,-10.927894592285156,59.44477844238281,41.242095947265625,24.269603729248047,1.1164493560791016,3,Wind Turbine
-110165,-24621,10000,139,52.68216323852539,-15.950517654418945,-10.448599815368652,25.912548065185547,9.186795234680176,18.669574737548828,-2.589694023132324,3,Wind Turbine
-110165,-24621,10000,139,50.26763153076172,23.43561363220215,-12.517525672912598,4.137534141540527,1.6149375438690186,6.847503185272217,2.6843929290771484,3,Wind Turbine
-110165,-24621,10000,139,61.8013801574707,-5.87465763092041,-7.775124549865723,1.3214160203933716,0.7544928789138794,1.4575481414794922,-3.129734754562378,3,Wind Turbine
-44104,30009,10000,-7,233.0656280517578,-3.6817946434020996,49.17623519897461,40.371097564697266,10.709986686706543,44.199745178222656,2.8011770248413086,3,Wind Turbine
-44104,30009,10000,-7,226.44129943847656,-4.5802388191223145,56.37604904174805,19.232505798339844,1.4327455759048462,24.092111587524414,3.006157398223877,3,Wind Turbine
-28805,-45889,13242,121,47.35529708862305,39.4521598815918,30.780899047851562,3.0435731410980225,0.30637961626052856,1.694483757019043,2.1099677085876465,3,Wind Turbine
-28805,-45889,13242,121,52.560935974121094,30.935792922973633,28.843175888061523,10.688798904418945,0.6398388743400574,6.692051887512207,2.102142333984375,3,Wind Turbine
-28805,-45889,13242,121,71.02376556396484,-6.27993106842041,34.2986946105957,83.16654968261719,13.401166915893555,21.559555053710938,2.1251630783081055,3,Wind Turbine
-77521,-88575,10387,64,140.70220947265625,-31.151775360107422,30.446426391601562,8.25965690612793,0.505046010017395,17.163694381713867,1.1224480867385864,3,Wind Turbine
-77521,-88575,10387,64,142.91921997070312,-26.611846923828125,22.81071662902832,0.8524225950241089,0.4252628982067108,3.4536170959472656,1.2270711660385132,3,Wind Turbine
-77521,-88575,10387,64,144.85647583007812,-22.72652816772461,12.3486967086792,5.324261665344238,0.33673015236854553,6.820189952850342,1.1217669248580933,3,Wind Turbine
-77521,-88575,10387,64,150.2954864501953,-2.924746036529541,40.96833038330078,56.03718566894531,13.068046569824219,76.55642700195312,1.1786284446716309,3,Wind Turbine
-77521,-88575,10387,64,166.29588317871094,21.723716735839844,55.39727020263672,0.8263128995895386,0.6544493436813354,2.7753686904907227,1.248003363609314,3,Wind Turbine
-102915,-16831,10000,87,63.967926025390625,-16.295825958251953,23.547607421875,31.078405380249023,0.10923978686332703,0.4137992858886719,-2.5191490650177,3,Wind Turbine
-102915,-16831,10000,87,63.865718841552734,-16.08161735534668,14.413684844970703,29.803762435913086,0.14198315143585205,0.4354584217071533,-2.5184707641601562,3,Wind Turbine
-102915,-16831,10000,87,64.66417694091797,-5.382610321044922,-18.333919525146484,12.299739837646484,5.9328765869140625,12.796403884887695,1.9870890378952026,3,Wind Turbine
-102915,-16831,10000,87,71.94071960449219,-10.851140975952148,32.57935333251953,13.921350479125977,0.137404203414917,0.20574092864990234,-2.517094612121582,3,Wind Turbine
-102915,-16831,10000,87,70.03634643554688,4.294285774230957,-22.71835708618164,1.2010496854782104,1.2288093566894531,1.381680965423584,2.1800284385681152,3,Wind Turbine
-102915,-16831,10000,87,74.9343032836914,-3.067909002304077,-20.447385787963867,7.642301559448242,3.943964958190918,6.254539489746094,-2.4835777282714844,3,Wind Turbine
-72800,-48024,10000,-85,264.9748229980469,10.986443519592285,87.31192016601562,5.037312030792236,0.35880640149116516,20.40339469909668,1.6780645847320557,3,Wind Turbine
-72800,-48024,10000,-85,265.5988464355469,2.1774795055389404,91.8287353515625,1.6187880039215088,0.28611940145492554,13.082199096679688,1.5311689376831055,3,Wind Turbine
-36038,-14631,10000,-40,207.22227478027344,153.94778442382812,81.3055191040039,3.6440634727478027,0.5098525881767273,4.446735382080078,2.395054340362549,3,Wind Turbine
-36038,-14631,10000,-40,214.82742309570312,147.6748046875,91.0552749633789,6.964144706726074,0.3920917212963104,7.200736999511719,2.4460151195526123,3,Wind Turbine
-36038,-14631,10000,-40,214.76292419433594,147.65533447265625,81.46487426757812,5.998513698577881,0.4506537616252899,6.479167938232422,2.4373812675476074,3,Wind Turbine
-56111,-8927,10000,3,38.198448181152344,32.22715759277344,-16.21767234802246,9.068621635437012,2.679964065551758,6.84182071685791,2.4110326766967773,3,Wind Turbine
-56111,-8927,10000,3,42.16054916381836,39.91930389404297,-7.024106979370117,4.334597110748291,2.3639237880706787,29.87500762939453,2.439574956893921,3,Wind Turbine
-56111,-8927,10000,3,58.07740020751953,37.831993103027344,21.064563751220703,39.259178161621094,1.4210269451141357,46.88709259033203,-3.0746898651123047,3,Wind Turbine
-56111,-8927,10000,3,47.59999465942383,12.300573348999023,-20.282684326171875,4.105630874633789,2.9273667335510254,5.473062992095947,1.7811788320541382,3,Wind Turbine
-56111,-8927,10000,3,50.911865234375,35.05023193359375,-16.817638397216797,5.620691776275635,4.223020553588867,17.00517463684082,2.283604145050049,3,Wind Turbine
-56111,-8927,10000,3,51.92692565917969,44.53331756591797,-15.184455871582031,4.58233118057251,3.8190579414367676,13.936699867248535,-2.442427158355713,3,Wind Turbine
-56111,-8927,10000,3,54.19607925415039,21.28400230407715,-20.32332420349121,5.634764671325684,3.7006683349609375,12.859268188476562,1.8732945919036865,3,Wind Turbine
-56111,-8927,10000,3,56.776493072509766,10.503225326538086,-21.58623695373535,11.964376449584961,5.329005718231201,14.611812591552734,1.2317696809768677,3,Wind Turbine
-56111,-8927,10000,3,55.69179916381836,-1.4421367645263672,-22.01152229309082,5.628381729125977,4.3384857177734375,11.287736892700195,1.3725417852401733,3,Wind Turbine
-56111,-8927,10000,3,65.22464752197266,23.67056655883789,-20.340892791748047,41.83489990234375,13.10226058959961,26.0,1.8587795495986938,3,Wind Turbine
-56111,-8927,10000,3,64.97235870361328,-4.104334831237793,-21.021080017089844,6.303830623626709,3.064211845397949,6.7391204833984375,1.7795453071594238,3,Wind Turbine
-56111,-8927,10000,3,69.61073303222656,35.311439514160156,-17.543901443481445,4.254584312438965,2.9960756301879883,17.698841094970703,2.586693525314331,3,Wind Turbine
-56111,-8927,10000,3,73.61787414550781,42.59443664550781,-14.78596305847168,16.08848762512207,7.572871208190918,11.124348640441895,1.8580209016799927,3,Wind Turbine
-56111,-8927,10000,3,73.09053802490234,38.85150146484375,15.8175048828125,1.0191508531570435,0.24920564889907837,2.7183115482330322,-2.919281482696533,3,Wind Turbine
-56111,-8927,10000,3,79.23980712890625,4.815133571624756,-17.587522506713867,11.630228042602539,4.9655442237854,10.369773864746094,-2.62168025970459,3,Wind Turbine
-56111,-8927,10000,3,77.34583282470703,53.0310173034668,-10.841726303100586,1.8991059064865112,1.7278647422790527,3.11983585357666,0.9656757712364197,3,Wind Turbine
-56111,-8927,10000,3,82.50321197509766,16.101484298706055,-15.613101959228516,14.227102279663086,6.0300421714782715,12.876042366027832,2.250844717025757,3,Wind Turbine
-56111,-8927,10000,3,79.90192413330078,49.01772689819336,-12.722122192382812,1.2342232465744019,1.1339203119277954,2.4227535724639893,1.2503634691238403,3,Wind Turbine
-56111,-8927,10000,3,84.84449005126953,0.369317889213562,-14.586519241333008,10.278998374938965,2.248722553253174,4.600339889526367,-2.770289659500122,3,Wind Turbine
-56111,-8927,10000,3,81.93391418457031,39.484073638916016,26.419708251953125,1.3208115100860596,0.2825655937194824,1.314244270324707,-2.977029323577881,3,Wind Turbine
-56111,-8927,10000,3,90.22948455810547,23.132041931152344,-13.003137588500977,3.132228374481201,2.204166889190674,4.848069190979004,2.1571390628814697,3,Wind Turbine
-56111,-8927,10000,3,92.12481689453125,10.752246856689453,-12.03005599975586,1.4716615676879883,0.9307587742805481,2.095445394515991,1.8611406087875366,3,Wind Turbine
-42076,-1061,10000,-129,119.9105453491211,-6.909223556518555,-19.408977508544922,13.853500366210938,14.095659255981445,21.198562622070312,2.2673087120056152,3,Wind Turbine
-42076,-1061,10000,-129,118.61878204345703,9.663429260253906,-19.905033111572266,8.865362167358398,3.4083125591278076,8.907100677490234,1.9928953647613525,3,Wind Turbine
-42076,-1061,10000,-129,119.45587158203125,-31.386791229248047,36.515892028808594,4.0699334144592285,0.20533762872219086,12.813312530517578,0.8810157775878906,3,Wind Turbine
-42076,-1061,10000,-129,131.13917541503906,-25.831567764282227,-18.552331924438477,28.53253173828125,16.21664047241211,21.788524627685547,1.9161410331726074,3,Wind Turbine
-42076,-1061,10000,-129,125.79425811767578,-23.61549949645996,21.324077606201172,4.3447370529174805,0.328542023897171,5.063667297363281,0.8888866305351257,3,Wind Turbine
-42076,-1061,10000,-129,126.46107482910156,-22.68533706665039,36.286285400390625,6.767773628234863,0.4890340566635132,19.970321655273438,0.8906819820404053,3,Wind Turbine
-42076,-1061,10000,-129,125.69866943359375,15.74917221069336,-20.840770721435547,3.3013999462127686,2.500593662261963,7.070622444152832,1.815824031829834,3,Wind Turbine
-42076,-1061,10000,-129,127.58528137207031,4.273272514343262,-19.397180557250977,4.63322639465332,2.3637211322784424,10.945109367370605,1.5497782230377197,3,Wind Turbine
-42076,-1061,10000,-129,130.64883422851562,-42.51774597167969,-14.496885299682617,8.943222045898438,7.338058948516846,9.565144538879395,1.912953495979309,3,Wind Turbine
-42076,-1061,10000,-129,129.941162109375,-18.497331619262695,21.921615600585938,1.5855032205581665,0.32653337717056274,4.024403095245361,0.8462042808532715,3,Wind Turbine
-42076,-1061,10000,-129,130.76339721679688,-9.362998962402344,-13.843307495117188,5.244755268096924,2.706174373626709,9.519351959228516,1.6589707136154175,3,Wind Turbine
-42076,-1061,10000,-129,132.8081817626953,-15.050483703613281,9.150314331054688,5.693435192108154,0.2516392171382904,5.319472312927246,0.8829628229141235,3,Wind Turbine
-42076,-1061,10000,-129,152.7206573486328,-13.683279991149902,-18.39154815673828,52.68456268310547,11.84975528717041,21.010343551635742,2.962186813354492,3,Wind Turbine
-42076,-1061,10000,-129,150.94056701660156,1.7619731426239014,22.28271484375,65.26505279541016,13.993158340454102,118.27340698242188,0.8743359446525574,3,Wind Turbine
-42076,-1061,10000,-129,134.15042114257812,-13.292802810668945,24.500490188598633,2.059206962585449,0.5688213109970093,6.158385276794434,0.7872507572174072,3,Wind Turbine
-42076,-1061,10000,-129,140.24632263183594,-2.0055322647094727,-15.963884353637695,4.906460762023926,4.060950756072998,13.633980751037598,-2.4835519790649414,3,Wind Turbine
-42076,-1061,10000,-129,146.3264923095703,8.85947322845459,-19.367816925048828,9.515963554382324,4.590059280395508,14.500303268432617,3.1172289848327637,3,Wind Turbine
-42076,-1061,10000,-129,146.97341918945312,-42.25706481933594,-14.245620727539062,5.162155628204346,5.201213359832764,14.880889892578125,1.4839531183242798,3,Wind Turbine
-42076,-1061,10000,-129,154.88687133789062,33.93819046020508,-22.491214752197266,19.86333465576172,9.858955383300781,13.349649429321289,3.006418466567993,3,Wind Turbine
-42076,-1061,10000,-129,174.81541442871094,7.995778560638428,-21.191390991210938,71.94754791259766,21.429243087768555,25.72812843322754,2.9301857948303223,3,Wind Turbine
-42076,-1061,10000,-129,155.0634002685547,-47.98282241821289,-12.09811782836914,8.493955612182617,3.46528959274292,8.335186004638672,-2.550029993057251,3,Wind Turbine
-42076,-1061,10000,-129,156.29421997070312,-7.411846160888672,-14.990639686584473,4.547791957855225,3.5340964794158936,13.924896240234375,1.4386929273605347,3,Wind Turbine
-42076,-1061,10000,-129,161.2079620361328,19.849201202392578,28.35274314880371,5.152097702026367,0.5554413199424744,14.092574119567871,0.8807860016822815,3,Wind Turbine
-42076,-1061,10000,-129,162.7812042236328,-51.57821273803711,-10.637308120727539,6.615221977233887,1.9685708284378052,4.193667411804199,2.5533926486968994,3,Wind Turbine
-42076,-1061,10000,-129,168.1776580810547,28.256969451904297,28.958206176757812,4.163992404937744,0.3035711944103241,6.558060646057129,0.8672716021537781,3,Wind Turbine
-42076,-1061,10000,-129,169.94729614257812,30.454683303833008,48.25361633300781,7.470203399658203,0.4245173931121826,6.8821001052856445,0.8814247846603394,3,Wind Turbine
-42076,-1061,10000,-129,171.18743896484375,-43.55724334716797,-13.296692848205566,8.879964828491211,4.257028102874756,13.364383697509766,2.0840413570404053,3,Wind Turbine
-42076,-1061,10000,-129,170.81393432617188,31.48857307434082,38.56939697265625,6.443764686584473,0.3132838010787964,3.004894256591797,0.8861362338066101,3,Wind Turbine
-42076,-1061,10000,-129,170.59268188476562,31.264644622802734,56.43090057373047,2.3067626953125,0.4979656934738159,7.162156105041504,0.8243355751037598,3,Wind Turbine
-42076,-1061,10000,-129,181.7124786376953,-27.920372009277344,-22.94333839416504,29.40435791015625,6.111996650695801,3.8421106338500977,3.0507805347442627,3,Wind Turbine
-42076,-1061,10000,-129,175.92466735839844,-2.1604881286621094,-13.687854766845703,1.5894008874893188,0.6237589120864868,4.180680274963379,3.05332088470459,3,Wind Turbine
-42076,-1061,10000,-129,177.5539093017578,42.73062515258789,-15.761899948120117,2.670689105987549,1.8256466388702393,4.4497480392456055,1.227784514427185,3,Wind Turbine
-42076,-1061,10000,-129,182.74386596679688,-6.71299409866333,-12.56283950805664,8.17872142791748,3.9226293563842773,17.051624298095703,-2.7818634510040283,3,Wind Turbine
-42076,-1061,10000,-129,184.62997436523438,21.05941390991211,-19.955427169799805,5.17947244644165,3.5904150009155273,17.65340805053711,1.8111258745193481,3,Wind Turbine
-42076,-1061,10000,-129,187.6815643310547,-43.08552932739258,-9.41036605834961,3.916327953338623,3.2123379707336426,9.2710599899292,-2.606717586517334,3,Wind Turbine
-42076,-1061,10000,-129,194.1313934326172,30.150182723999023,-17.153060913085938,17.761571884155273,14.071855545043945,14.91317367553711,0.8793810606002808,3,Wind Turbine
-42076,-1061,10000,-129,194.21043395996094,-2.683732271194458,-11.563956260681152,3.5612754821777344,1.0476782321929932,8.218267440795898,2.9216508865356445,3,Wind Turbine
-42076,-1061,10000,-129,196.5019989013672,-16.63338851928711,-13.704708099365234,12.235690116882324,10.00784969329834,19.862279891967773,-2.5157299041748047,3,Wind Turbine
-42076,-1061,10000,-129,195.30010986328125,-40.31988525390625,-7.3877177238464355,4.265937805175781,3.381566047668457,10.264154434204102,0.8485711812973022,3,Wind Turbine
-42076,-1061,10000,-129,194.70639038085938,20.93039321899414,-17.49116325378418,2.516631603240967,1.8079063892364502,13.143452644348145,1.399619221687317,3,Wind Turbine
-42076,-1061,10000,-129,199.5718536376953,-30.025346755981445,-9.546807289123535,13.997421264648438,7.341806888580322,17.274517059326172,-2.5924768447875977,3,Wind Turbine
-42076,-1061,10000,-129,205.9355010986328,15.836668014526367,-12.818364143371582,12.063377380371094,4.288790702819824,15.895498275756836,2.8950273990631104,3,Wind Turbine
-42076,-1061,10000,-129,217.30764770507812,-3.570870876312256,-5.2632904052734375,2.6780450344085693,2.2605080604553223,7.926681041717529,-2.577346086502075,3,Wind Turbine
-128151,-58768,12032,31,229.3734893798828,-143.35488891601562,45.28087615966797,5.366973876953125,0.4000053405761719,5.799360275268555,-2.5879263877868652,3,Wind Turbine
-128151,-58768,12032,31,233.43885803222656,-140.8970947265625,54.51359558105469,4.703441619873047,0.3590797781944275,5.449342727661133,-2.6146390438079834,3,Wind Turbine
-128151,-58768,12032,31,237.576416015625,-138.14964294433594,45.06440734863281,12.035847663879395,0.86793452501297,20.813709259033203,-2.5858476161956787,3,Wind Turbine
-128151,-58768,12032,31,246.90650939941406,-132.04119873046875,36.499961853027344,3.706529140472412,0.3936408460140228,4.316601753234863,-2.594775915145874,3,Wind Turbine
-128151,-58768,12032,31,264.599609375,-121.41981506347656,43.23567581176758,26.859390258789062,1.0657581090927124,25.62943458557129,-2.589656114578247,3,Wind Turbine
-45510,-66656,13259,-161,248.07467651367188,-1.909143090248108,25.203937530517578,4.45577335357666,0.7446800470352173,4.7364068031311035,-2.9766807556152344,3,Wind Turbine
-45510,-66656,13259,-161,255.11732482910156,0.1418684422969818,54.55672073364258,1.2302532196044922,0.6408001184463501,4.377317428588867,-2.8375651836395264,3,Wind Turbine
-45510,-66656,13259,-161,257.80499267578125,1.2847278118133545,18.818248748779297,4.776819229125977,1.0121409893035889,9.131614685058594,-2.8663156032562256,3,Wind Turbine
-45510,-66656,13259,-161,269.1527099609375,3.47296142578125,31.228647232055664,19.294679641723633,11.724438667297363,37.60236358642578,-2.4316093921661377,3,Wind Turbine
-50246,-6836,10000,-102,47.34799575805664,-15.989401817321777,-12.17906379699707,3.518167018890381,3.1593921184539795,5.678166389465332,-2.476465940475464,3,Wind Turbine
-50246,-6836,10000,-102,49.7876091003418,-27.042545318603516,21.182498931884766,35.61467742919922,0.5713198781013489,29.578609466552734,1.351900339126587,3,Wind Turbine
-50246,-6836,10000,-102,47.802452087402344,-24.182435989379883,-12.23636245727539,3.357268810272217,2.22552490234375,4.470538139343262,1.286212682723999,3,Wind Turbine
-50246,-6836,10000,-102,52.13493728637695,-6.339867115020752,-14.930194854736328,5.652774810791016,4.580309867858887,12.0149564743042,1.3128710985183716,3,Wind Turbine
-50246,-6836,10000,-102,51.04191589355469,33.56721115112305,-18.10211944580078,6.346510887145996,0.5758671760559082,3.466503620147705,1.3296750783920288,3,Wind Turbine
-50246,-6836,10000,-102,60.56199264526367,2.9420864582061768,-0.9792680740356445,44.061851501464844,25.11130142211914,72.02799987792969,1.6515913009643555,3,Wind Turbine
-50246,-6836,10000,-102,50.454044342041016,-30.096689224243164,-12.91907787322998,8.1817045211792,2.749396324157715,5.789957046508789,-2.564582347869873,3,Wind Turbine
-50246,-6836,10000,-102,55.52913284301758,32.21879959106445,-20.04953384399414,2.2929227352142334,0.892398476600647,4.509365558624268,1.5798721313476562,3,Wind Turbine
-50246,-6836,10000,-102,57.644447326660156,-31.279184341430664,-11.76019287109375,2.2557213306427,1.287117600440979,3.7809157371520996,1.2273979187011719,3,Wind Turbine
-50246,-6836,10000,-102,61.912872314453125,26.586978912353516,26.0793399810791,43.768394470214844,0.656707763671875,25.245166778564453,1.3441888093948364,3,Wind Turbine
-50246,-6836,10000,-102,60.879276275634766,21.55472755432129,8.240288734436035,0.32979851961135864,0.16722053289413452,2.4225544929504395,0.9171122312545776,3,Wind Turbine
-50246,-6836,10000,-102,62.04742431640625,26.728248596191406,12.670679092407227,4.184592247009277,0.26287877559661865,7.348837852478027,1.3444567918777466,3,Wind Turbine
-50246,-6836,10000,-102,66.26953125,45.174293518066406,39.519798278808594,1.892861247062683,0.1939277946949005,6.952347755432129,1.3773854970932007,3,Wind Turbine
-50246,-6836,10000,-102,73.05256652832031,-14.242904663085938,-13.2103271484375,3.6294751167297363,3.409334421157837,7.834630966186523,1.1080591678619385,3,Wind Turbine
-50246,-6836,10000,-102,76.5313491821289,26.04641342163086,-14.996357917785645,1.3329830169677734,1.1424788236618042,1.8515682220458984,1.6054173707962036,3,Wind Turbine
-50246,-6836,10000,-102,83.71206665039062,10.465118408203125,-12.630010604858398,1.696486234664917,1.2703213691711426,3.5608184337615967,2.973270893096924,3,Wind Turbine
-50246,-6836,10000,-102,90.56122589111328,7.577021598815918,-7.640847682952881,1.3844497203826904,0.32307055592536926,2.6476776599884033,2.605057716369629,3,Wind Turbine
1154,1776,10000,43,205.45449829101562,-24.940277099609375,12.486828804016113,3.539829730987549,0.26887211203575134,6.645243167877197,-2.3706483840942383,3,Wind Turbine
1154,1776,10000,43,207.6154022216797,-22.668046951293945,26.439062118530273,8.99516487121582,0.5808042883872986,9.621038436889648,-2.370850086212158,3,Wind Turbine
1154,1776,10000,43,208.9586639404297,-21.44144058227539,70.36134338378906,6.326364517211914,0.5451018214225769,19.168983459472656,-2.3658010959625244,3,Wind Turbine
1154,1776,10000,43,211.19061279296875,-19.173446655273438,59.180519104003906,5.394771099090576,0.531504213809967,6.156430244445801,-2.371136426925659,3,Wind Turbine
1154,1776,10000,43,223.7644500732422,-6.334684371948242,18.673221588134766,36.030242919921875,16.449827194213867,115.7835693359375,1.1610246896743774,3,Wind Turbine
1154,1776,10000,43,213.8794403076172,-16.836328506469727,80.78794860839844,1.0343172550201416,0.24299439787864685,3.181009292602539,0.9955438375473022,3,Wind Turbine
1154,1776,10000,43,222.74395751953125,-0.28168559074401855,-32.307777404785156,7.73435115814209,4.005960941314697,0.15880107879638672,1.8396437168121338,3,Wind Turbine
1154,1776,10000,43,222.59033203125,-6.330337047576904,-24.385738372802734,3.636996269226074,2.3541176319122314,4.98882532119751,-2.4405667781829834,3,Wind Turbine
1154,1776,10000,43,223.1622314453125,-7.796960830688477,84.36341094970703,1.060861587524414,0.2565029561519623,6.273403167724609,1.0004409551620483,3,Wind Turbine
1154,1776,10000,43,230.57473754882812,-14.036803245544434,-23.819381713867188,15.143052101135254,6.046156883239746,13.304098129272461,1.9659289121627808,3,Wind Turbine
1154,1776,10000,43,231.7742462158203,11.835564613342285,-21.166645050048828,12.580833435058594,5.400721549987793,6.2721943855285645,2.179600238800049,3,Wind Turbine
1154,1776,10000,43,239.83580017089844,8.439998626708984,45.48705291748047,25.41046905517578,1.2622350454330444,30.307941436767578,-2.3870086669921875,3,Wind Turbine
1154,1776,10000,43,240.20181274414062,-13.71084213256836,-23.008769989013672,4.401445388793945,2.055734157562256,4.134724140167236,1.7130327224731445,3,Wind Turbine
1154,1776,10000,43,246.9929962158203,15.397181510925293,33.822593688964844,8.193182945251465,0.6333586573600769,16.908157348632812,-2.3876426219940186,3,Wind Turbine
1154,1776,10000,43,249.70315551757812,17.94996452331543,21.743911743164062,2.1307921409606934,0.35117119550704956,8.635967254638672,-2.453258991241455,3,Wind Turbine
1154,1776,10000,43,251.43017578125,19.539962768554688,51.508785247802734,5.3093109130859375,0.5597216486930847,2.892589569091797,-2.3821194171905518,3,Wind Turbine
1154,1776,10000,43,252.6378936767578,20.782588958740234,44.913482666015625,7.209227561950684,0.3926389813423157,2.210402488708496,-2.3968307971954346,3,Wind Turbine
39273,59509,10028,-118,112.40055084228516,-7.991268634796143,3.877748489379883,83.489990234375,57.05105209350586,120.7302474975586,1.393634557723999,3,Wind Turbine
39273,59509,10028,-118,88.61054229736328,-28.521268844604492,13.990659713745117,14.495635032653809,0.31662851572036743,13.842453956604004,1.0741398334503174,3,Wind Turbine
39273,59509,10028,-118,87.37004852294922,-28.085735321044922,-18.886436462402344,3.35373592376709,2.364924192428589,5.688602924346924,-2.375584125518799,3,Wind Turbine
39273,59509,10028,-118,97.8652114868164,-32.66974639892578,-16.600460052490234,8.121597290039062,4.737743854522705,9.551447868347168,2.82664155960083,3,Wind Turbine
39273,59509,10028,-118,110.74718475341797,12.284751892089844,6.028741359710693,2.9385595321655273,0.5060359239578247,10.964054107666016,1.0749359130859375,3,Wind Turbine
39273,59509,10028,-118,112.68404388427734,-41.08943557739258,-13.862483978271484,6.010619163513184,2.0512256622314453,5.313601493835449,2.358098268508911,3,Wind Turbine
39273,59509,10028,-118,116.52870178222656,22.831769943237305,6.431076526641846,6.295055389404297,0.430952787399292,15.093716621398926,1.0638489723205566,3,Wind Turbine
39273,59509,10028,-118,118.91021728515625,-37.4118537902832,-12.316489219665527,5.061302185058594,3.741649627685547,12.1351318359375,0.9826071858406067,3,Wind Turbine
39273,59509,10028,-118,118.9588623046875,27.327228546142578,19.169776916503906,1.4871902465820312,0.4421749413013458,3.3495068550109863,1.016603708267212,3,Wind Turbine
39273,59509,10028,-118,121.63130950927734,32.241485595703125,28.37762451171875,9.628968238830566,0.4808788001537323,21.77008628845215,1.0641522407531738,3,Wind Turbine
39273,59509,10028,-118,122.29991912841797,33.335296630859375,12.239349365234375,3.9002280235290527,0.2673816978931427,7.189353942871094,1.0764451026916504,3,Wind Turbine
39273,59509,10028,-118,124.83815002441406,-45.00728988647461,-9.212141990661621,3.762803316116333,2.604553461074829,3.9747214317321777,1.3475310802459717,3,Wind Turbine
39273,59509,10028,-118,130.45814514160156,-40.940574645996094,-9.26208209991455,5.065007209777832,3.243781328201294,10.589162826538086,1.4722537994384766,3,Wind Turbine
39273,59509,10028,-118,133.71336364746094,6.286641597747803,-27.23099136352539,6.32796049118042,4.306044578552246,15.225915908813477,1.8510143756866455,3,Wind Turbine
39273,59509,10028,-118,149.83270263671875,6.142928123474121,-20.981985092163086,18.139278411865234,13.829240798950195,13.105640411376953,-2.7119944095611572,3,Wind Turbine
-62918,10328,10000,170,-213.6328125,-7.6379008293151855,7.219993591308594,28.08591079711914,2.018247604370117,2.084963321685791,-3.1039817333221436,3,Wind Turbine
-62918,10328,10000,170,-211.36036682128906,8.183751106262207,-32.53374481201172,17.02738380432129,2.5530505180358887,1.6298627853393555,1.2694132328033447,3,Wind Turbine
-62918,10328,10000,170,-197.7727813720703,6.482702255249023,-30.490304946899414,15.825085639953613,1.6327203512191772,2.5437545776367188,1.1467058658599854,3,Wind Turbine
-62918,10328,10000,170,-179.4871368408203,7.849980354309082,-31.39974594116211,7.717158317565918,2.096402168273926,2.100193500518799,-2.9845333099365234,3,Wind Turbine
-62918,10328,10000,170,150.6260986328125,4.845827579498291,14.880760192871094,48.734039306640625,13.988981246948242,107.53671264648438,2.813730001449585,3,Wind Turbine
-62918,10328,10000,170,133.1260986328125,8.994855880737305,50.256134033203125,2.1374871730804443,0.487118661403656,1.5892362594604492,-3.1087560653686523,3,Wind Turbine
-62918,10328,10000,170,146.30645751953125,6.698512554168701,59.72639465332031,3.0123448371887207,0.5132514238357544,6.424589157104492,2.973133087158203,3,Wind Turbine
-62918,10328,10000,170,151.39669799804688,5.84792947769165,70.22440338134766,0.3997497260570526,0.16369837522506714,0.9138107299804688,2.4939091205596924,3,Wind Turbine
-62918,10328,10000,170,154.26817321777344,5.3057780265808105,60.891944885253906,1.1932032108306885,0.5248862504959106,3.9784622192382812,-2.9757659435272217,3,Wind Turbine
-62918,10328,10000,170,159.57066345214844,4.496166229248047,-16.029876708984375,0.9767121076583862,0.13317959010601044,6.150155067443848,2.8013980388641357,3,Wind Turbine
-62918,10328,10000,170,171.60308837890625,2.4085638523101807,32.816444396972656,9.385098457336426,1.3812845945358276,9.307804107666016,3.0949513912200928,3,Wind Turbine
-62918,10328,10000,170,180.7412567138672,0.8148900866508484,44.180938720703125,5.860400199890137,0.6074811220169067,7.158370018005371,-3.0509848594665527,3,Wind Turbine
-62918,10328,10000,170,260.479736328125,-44.54453659057617,21.04001235961914,22.03496551513672,6.337017059326172,7.917203903198242,-2.5654473304748535,3,Wind Turbine
-24947,-3902,10000,-124,207.51681518554688,153.2642364501953,44.21452331542969,12.783060073852539,0.8172930479049683,5.228748321533203,0.9687818884849548,3,Wind Turbine
-24947,-3902,10000,-124,213.13055419921875,161.12570190429688,79.50357818603516,4.215765953063965,0.6566860675811768,12.346820831298828,0.8924481868743896,3,Wind Turbine
-24947,-3902,10000,-124,224.45223999023438,171.98741149902344,59.25072479248047,37.12037658691406,13.878091812133789,58.74002456665039,1.0587016344070435,3,Wind Turbine
-24947,-3902,10000,-124,223.016357421875,175.65570068359375,78.4513931274414,3.172515392303467,0.3270225524902344,13.777103424072266,-2.3618862628936768,3,Wind Turbine
-84915,-93814,10689,42,235.15074157714844,-46.054256439208984,80.5478515625,1.5369970798492432,0.3808450400829315,7.995157241821289,0.9783796668052673,3,Wind Turbine
-84915,-93814,10689,42,237.09490966796875,-44.37462615966797,71.53318786621094,5.961208820343018,0.5236803293228149,5.293684005737305,-2.364015817642212,3,Wind Turbine
-84915,-93814,10689,42,238.66061401367188,-43.03368377685547,84.00824737548828,0.9900050759315491,0.2799490690231323,5.405387878417969,1.0108073949813843,3,Wind Turbine
-42335,-15939,10000,160,66.81979370117188,14.757978439331055,24.968942642211914,6.405016899108887,0.32626691460609436,11.481542587280273,2.800107479095459,3,Wind Turbine
-42335,-15939,10000,160,88.88985443115234,6.647347450256348,13.503508567810059,41.77778244018555,8.02462387084961,84.64567565917969,2.642435073852539,3,Wind Turbine
-42335,-15939,10000,160,85.045166015625,-5.807548522949219,-16.527679443359375,18.348390579223633,5.0393877029418945,16.582624435424805,1.1728414297103882,3,Wind Turbine
-42335,-15939,10000,160,83.19735717773438,14.096451759338379,-12.85348892211914,3.9043617248535156,3.0867276191711426,7.083364486694336,2.217670440673828,3,Wind Turbine
-42335,-15939,10000,160,91.87751770019531,8.192920684814453,-14.34616470336914,4.693504333496094,3.478858470916748,10.618654251098633,1.6321154832839966,3,Wind Turbine
-42335,-15939,10000,160,93.2173080444336,-8.871402740478516,-13.94843864440918,4.5731425285339355,4.326242923736572,10.80657958984375,0.9469756484031677,3,Wind Turbine
-42335,-15939,10000,160,105.47087097167969,3.5823538303375244,-16.133827209472656,3.817568063735962,2.4188880920410156,5.976280212402344,1.7516216039657593,3,Wind Turbine
-42335,-15939,10000,160,119.32320404052734,-3.9095101356506348,32.85319900512695,21.69196319580078,0.9556741714477539,45.691070556640625,2.82419753074646,3,Wind Turbine
-42335,-15939,10000,160,132.22857666015625,-8.419102668762207,49.239471435546875,6.525874137878418,0.4862210154533386,6.674823760986328,2.839165210723877,3,Wind Turbine
-14640,-24572,10000,61,83.42173767089844,-18.381397247314453,9.479045867919922,65.13899993896484,9.730618476867676,85.64471435546875,1.2144843339920044,3,Wind Turbine
-14640,-24572,10000,61,76.97620391845703,-30.087295532226562,10.997034072875977,4.6294403076171875,0.256515771150589,7.272186279296875,1.0747761726379395,3,Wind Turbine
-14640,-24572,10000,61,78.27185821533203,-22.84514617919922,-20.423599243164062,3.3279128074645996,3.000229597091675,7.982113361358643,1.013204574584961,3,Wind Turbine
-14640,-24572,10000,61,81.50216674804688,2.0820822715759277,-20.145219802856445,5.315823554992676,4.367678642272949,11.35302448272705,1.552357792854309,3,Wind Turbine
-14640,-24572,10000,61,88.45375061035156,-19.52178382873535,-20.418956756591797,2.8979480266571045,2.574007511138916,5.875418186187744,2.0389041900634766,3,Wind Turbine
18046,15458,10000,107,20.27619743347168,0.015707949176430702,0.010004997253417969,4.017570495605469,1.8422601222991943,24.486846923828125,1.5547869205474854,3,Wind Turbine
18046,15458,10000,107,19.943727493286133,16.078895568847656,10.984167098999023,2.932621479034424,0.56867516040802,5.94779109954834,1.858070731163025,3,Wind Turbine
18046,15458,10000,107,31.088699340820312,-20.33946990966797,13.32376766204834,26.004413604736328,0.5231518149375916,28.51403045654297,1.8710134029388428,3,Wind Turbine
-5061,20962,10000,160,147.70079040527344,16.309322357177734,6.482628345489502,2.97000789642334,0.30354610085487366,7.195836067199707,2.8179543018341064,3,Wind Turbine
-5061,20962,10000,160,154.37982177734375,13.777867317199707,17.982685089111328,6.619131565093994,0.5023186802864075,5.900280475616455,2.806291103363037,3,Wind Turbine
-5061,20962,10000,160,153.54100036621094,14.234818458557129,8.143064498901367,2.8671398162841797,0.2349357306957245,3.9276468753814697,2.897679567337036,3,Wind Turbine
-5061,20962,10000,160,155.32008361816406,13.626015663146973,60.43310546875,4.474944114685059,0.42522114515304565,5.963311195373535,2.767256736755371,3,Wind Turbine
-5061,20962,10000,160,162.49270629882812,18.62128448486328,-29.79907989501953,3.6006064414978027,3.4609315395355225,8.734914779663086,2.144223928451538,3,Wind Turbine
-5061,20962,10000,160,175.67630004882812,5.058671474456787,14.366096496582031,35.87433624267578,14.545202255249023,146.3797607421875,2.473620653152466,3,Wind Turbine
-5061,20962,10000,160,164.19598388671875,28.419727325439453,-29.545387268066406,2.8525161743164062,2.103123426437378,7.378237247467041,2.383291482925415,3,Wind Turbine
-5061,20962,10000,160,168.2783966064453,8.850239753723145,3.7955193519592285,1.33038330078125,0.46765589714050293,4.647397518157959,2.6146492958068848,3,Wind Turbine
-5061,20962,10000,160,178.8545379638672,11.00283432006836,-36.079185485839844,25.309972763061523,17.033790588378906,19.10546875,2.4683353900909424,3,Wind Turbine
-5061,20962,10000,160,205.78831481933594,-4.691666603088379,28.483713150024414,19.017431259155273,0.6568270921707153,10.436692237854004,2.8157191276550293,3,Wind Turbine
-63424,-7159,10000,-24,128.8202362060547,-11.654067993164062,16.42908477783203,97.29743194580078,43.180145263671875,128.56509399414062,2.9106006622314453,3,Wind Turbine
-63424,-7159,10000,-24,94.19041442871094,33.11741638183594,-14.17367935180664,1.3866454362869263,1.3755509853363037,3.837965726852417,2.04250431060791,3,Wind Turbine
-63424,-7159,10000,-24,100.9581527709961,28.92033576965332,-16.016952514648438,4.335968017578125,3.767808675765991,10.056655883789062,1.8024300336837769,3,Wind Turbine
-63424,-7159,10000,-24,128.04710388183594,12.710102081298828,-21.789012908935547,70.58964538574219,35.097747802734375,30.773086547851562,-3.107285976409912,3,Wind Turbine
-63424,-7159,10000,-24,104.662353515625,-31.915931701660156,-23.295543670654297,3.3211965560913086,1.87119722366333,7.194950580596924,1.3351564407348633,3,Wind Turbine
-63424,-7159,10000,-24,108.36248779296875,22.171920776367188,-20.29100227355957,6.33383321762085,3.9510488510131836,16.17162322998047,1.8952529430389404,3,Wind Turbine
-63424,-7159,10000,-24,113.46615600585938,31.032934188842773,-14.211902618408203,3.776864528656006,2.898380756378174,11.613212585449219,2.0794827938079834,3,Wind Turbine
-63424,-7159,10000,-24,120.43191528320312,42.928897857666016,-9.800177574157715,5.25116491317749,3.535248041152954,11.324918746948242,2.0046093463897705,3,Wind Turbine
-63424,-7159,10000,-24,120.76229858398438,-27.030200958251953,-23.87750244140625,4.4391279220581055,3.8000588417053223,12.833616256713867,1.0920133590698242,3,Wind Turbine
-63424,-7159,10000,-24,120.83090209960938,0.5073912143707275,15.792278289794922,1.819930076599121,0.6084131598472595,5.287579536437988,2.893754243850708,3,Wind Turbine
-63424,-7159,10000,-24,125.32854461669922,26.24434471130371,-17.23796844482422,5.4095354080200195,3.2722198963165283,14.615492820739746,2.000962257385254,3,Wind Turbine
-63424,-7159,10000,-24,128.49989318847656,-32.82880783081055,-21.34287452697754,11.258003234863281,4.678723335266113,14.014506340026855,-2.440917730331421,3,Wind Turbine
-63424,-7159,10000,-24,129.3386993408203,34.09513854980469,-13.510303497314453,8.894031524658203,3.9867970943450928,18.737567901611328,1.9163767099380493,3,Wind Turbine
-63424,-7159,10000,-24,135.15357971191406,-8.633447647094727,-16.199216842651367,5.328926086425781,4.008415222167969,15.34759521484375,1.6827439069747925,3,Wind Turbine
-63424,-7159,10000,-24,136.2645263671875,-39.26513671875,-18.788787841796875,4.641473770141602,3.322847843170166,10.975714683532715,1.6467344760894775,3,Wind Turbine
-63424,-7159,10000,-24,137.2418975830078,49.36809158325195,-6.148848533630371,2.6359775066375732,1.7135217189788818,3.9591546058654785,2.603724956512451,3,Wind Turbine
-63424,-7159,10000,-24,138.9578094482422,-7.9644856452941895,38.4137077331543,3.0073740482330322,0.8560513854026794,5.184354782104492,2.961531162261963,3,Wind Turbine
-63424,-7159,10000,-24,142.88821411132812,-9.713401794433594,7.34718132019043,2.147812843322754,0.44378727674484253,4.211070537567139,2.7715065479278564,3,Wind Turbine
-63424,-7159,10000,-24,143.6694793701172,-10.124608993530273,23.00615692138672,2.117042303085327,0.5426447987556458,4.673984050750732,2.977293014526367,3,Wind Turbine
-63424,-7159,10000,-24,148.06185913085938,-12.208499908447266,14.932472229003906,1.2440612316131592,0.4179394245147705,3.030819892883301,2.885112762451172,3,Wind Turbine
-63424,-7159,10000,-24,153.10935974121094,-14.713324546813965,63.87864303588867,5.013603210449219,0.5589979290962219,9.353265762329102,2.7777099609375,3,Wind Turbine
-63424,-7159,10000,-24,153.743408203125,-40.79058837890625,-15.731954574584961,14.102387428283691,4.460912227630615,12.141547203063965,1.7396379709243774,3,Wind Turbine
-63424,-7159,10000,-24,163.63754272460938,-19.46697235107422,62.713356018066406,2.662942886352539,0.3740572929382324,2.3259830474853516,2.702751636505127,3,Wind Turbine
-63424,-7159,10000,-24,164.32492065429688,-38.028438568115234,-14.193500518798828,4.010331153869629,3.379969596862793,7.444920539855957,1.4367139339447021,3,Wind Turbine
-63424,-7159,10000,-24,166.36740112304688,30.408472061157227,-10.925455093383789,3.5638859272003174,2.658132314682007,6.594938278198242,2.0004823207855225,3,Wind Turbine
-63424,-7159,10000,-24,171.74282836914062,8.264246940612793,-13.783161163330078,4.68390417098999,4.157888412475586,12.899226188659668,1.6312788724899292,3,Wind Turbine
-63424,-7159,10000,-24,175.76449584960938,20.644756317138672,-12.129343032836914,16.87561798095703,9.572748184204102,7.978490829467773,1.7055890560150146,3,Wind Turbine
-63424,-7159,10000,-24,177.32785034179688,-8.012225151062012,-12.768156051635742,7.16660213470459,0.9970778822898865,4.673110008239746,3.0578222274780273,3,Wind Turbine
-63424,-7159,10000,-24,187.62110900878906,-8.97969913482666,-11.010662078857422,2.578115224838257,0.8875619173049927,2.4952340126037598,1.2709754705429077,3,Wind Turbine
-16179,-7924,10000,-83,79.48308563232422,-38.160770416259766,-20.30337905883789,4.24608039855957,2.5106964111328125,4.970214366912842,0.8249316811561584,3,Wind Turbine
-16179,-7924,10000,-83,82.48509979248047,-31.114093780517578,-22.429492950439453,5.360508918762207,3.288334608078003,11.127572059631348,1.365300178527832,3,Wind Turbine
-16179,-7924,10000,-83,86.97958374023438,-20.55601692199707,-23.886756896972656,12.101527214050293,4.682845592498779,15.76960563659668,2.4264705181121826,3,Wind Turbine
-16179,-7924,10000,-83,93.28617858886719,-43.72749710083008,15.1857271194458,101.01177978515625,13.735648155212402,93.58497619628906,1.678377628326416,3,Wind Turbine
-16179,-7924,10000,-83,86.35246276855469,-12.42990779876709,14.010025024414062,0.7464654445648193,0.13741004467010498,1.6647708415985107,1.7824503183364868,3,Wind Turbine
-16179,-7924,10000,-83,87.12466430664062,-19.43585777282715,10.758159637451172,5.416142463684082,0.3044072091579437,8.874701499938965,1.682525396347046,3,Wind Turbine
-16179,-7924,10000,-83,99.85802459716797,-28.689908981323242,-24.063968658447266,35.053993225097656,19.75101089477539,23.981952667236328,2.7879486083984375,3,Wind Turbine
-16179,-7924,10000,-83,105.37957763671875,-12.714019775390625,-33.120948791503906,43.393280029296875,27.363372802734375,9.779260635375977,2.806668758392334,3,Wind Turbine
-16179,-7924,10000,-83,88.1088638305664,-27.723154067993164,2.7020821571350098,0.622356653213501,0.23594039678573608,3.0473947525024414,1.7191706895828247,3,Wind Turbine
-16179,-7924,10000,-83,89.29488372802734,5.907286167144775,-27.012731552124023,2.311434745788574,1.2326453924179077,3.1731462478637695,2.150817394256592,3,Wind Turbine
-16179,-7924,10000,-83,101.12273406982422,-44.851070404052734,-20.62865447998047,5.413283348083496,3.539656639099121,11.361597061157227,1.1344494819641113,3,Wind Turbine
-16179,-7924,10000,-83,142.10302734375,-31.646284103393555,-11.112041473388672,3.160855770111084,2.6696386337280273,5.714016914367676,3.124338388442993,3,Wind Turbine
-50740,37300,10000,22,13.809837341308594,-1.5808099508285522,1.617910385131836,7.6601457595825195,11.924010276794434,18.90674591064453,2.0435702800750732,3,Wind Turbine
-50740,37300,10000,22,35.13097381591797,4.570598602294922,12.661510467529297,11.350080490112305,1.1304101943969727,7.679146766662598,-2.7928459644317627,3,Wind Turbine
-50740,37300,10000,22,33.19658660888672,3.8511459827423096,3.6993656158447266,6.024275779724121,0.7684192061424255,10.254050254821777,-2.8077993392944336,3,Wind Turbine
-50740,37300,10000,22,40.31595230102539,6.717066764831543,17.95027732849121,3.1530368328094482,0.9748163819313049,2.6523447036743164,-2.895807981491089,3,Wind Turbine
-50740,37300,10000,22,44.57035827636719,8.473203659057617,1.2263436317443848,6.047219753265381,0.2615147531032562,5.216920852661133,-2.7534890174865723,3,Wind Turbine
-50740,37300,10000,22,47.2860107421875,9.568074226379395,7.938602447509766,3.443599224090576,0.38994163274765015,2.553154945373535,-2.7817728519439697,3,Wind Turbine
7699,26609,10000,-43,97.91764068603516,28.105655670166016,43.10915756225586,1.4920037984848022,0.21393254399299622,1.4575958251953125,2.3757801055908203,3,Wind Turbine
7699,26609,10000,-43,106.12635803222656,31.655338287353516,-28.626724243164062,24.678279876708984,16.41362190246582,14.363210678100586,1.1466801166534424,3,Wind Turbine
7699,26609,10000,-43,102.98518371582031,23.280364990234375,44.54814910888672,8.037264823913574,0.42751163244247437,6.703228950500488,2.3772614002227783,3,Wind Turbine
7699,26609,10000,-43,106.50341796875,-14.273910522460938,-25.89175796508789,5.209970474243164,3.6069953441619873,6.769876480102539,1.1060670614242554,3,Wind Turbine
7699,26609,10000,-43,108.48431396484375,18.264684677124023,51.33720397949219,2.755336284637451,0.11508958041667938,1.4614152908325195,2.3827617168426514,3,Wind Turbine
7699,26609,10000,-43,132.62335205078125,-0.6108846664428711,14.296180725097656,77.31759643554688,51.680091857910156,135.59690856933594,1.9510700702667236,3,Wind Turbine
7699,26609,10000,-43,113.8544692993164,46.68305969238281,-23.042465209960938,5.5408759117126465,1.4682660102844238,4.583110809326172,2.787567138671875,3,Wind Turbine
7699,26609,10000,-43,118.4715576171875,-31.062026977539062,-20.197017669677734,3.005025863647461,2.31960391998291,5.457260608673096,0.9045053720474243,3,Wind Turbine
7699,26609,10000,-43,120.13027954101562,7.252674102783203,0.10448366403579712,0.6700989007949829,0.2493455410003662,2.3095247745513916,2.396179676055908,3,Wind Turbine
7699,26609,10000,-43,128.8505401611328,-23.501686096191406,-25.00465202331543,18.411319732666016,9.52602481842041,10.338654518127441,-3.055229663848877,3,Wind Turbine
7699,26609,10000,-43,128.5904541015625,48.25611877441406,-20.91313934326172,10.262592315673828,3.6682934761047363,6.365787982940674,0.9254674315452576,3,Wind Turbine
7699,26609,10000,-43,139.04978942871094,-10.448269844055176,16.683574676513672,2.1319406032562256,0.7865437269210815,7.84971809387207,2.6524839401245117,3,Wind Turbine
7699,26609,10000,-43,140.90545654296875,2.673638105392456,-23.149934768676758,5.103598594665527,2.444749355316162,4.353885650634766,3.066498041152954,3,Wind Turbine
7699,26609,10000,-43,147.50587463378906,-12.49003791809082,-23.559310913085938,26.011085510253906,19.621509552001953,13.711557388305664,1.435768723487854,3,Wind Turbine
7699,26609,10000,-43,155.25396728515625,-25.715641021728516,71.57339477539062,1.678314447402954,0.1895238757133484,1.430196762084961,2.2666337490081787,3,Wind Turbine
7699,26609,10000,-43,161.80172729492188,19.53346824645996,-20.9299373626709,14.218579292297363,11.864788055419922,13.87661361694336,1.0906401872634888,3,Wind Turbine
7699,26609,10000,-43,169.85296630859375,-2.5694148540496826,-19.270423889160156,3.101658344268799,1.242538332939148,4.9820733070373535,-2.8957231044769287,3,Wind Turbine
7699,26609,10000,-43,180.24496459960938,13.264766693115234,-14.463480949401855,15.957789421081543,17.529298782348633,12.626649856567383,-2.5187485218048096,3,Wind Turbine
7699,26609,10000,-43,179.0358123779297,5.18245792388916,-15.014662742614746,4.10988712310791,2.6439831256866455,4.829003810882568,1.2341153621673584,3,Wind Turbine
7699,26609,10000,-43,189.1661834716797,26.165462493896484,-7.646022319793701,1.3725143671035767,0.658035397529602,2.930823564529419,2.6039671897888184,3,Wind Turbine
-52633,-65518,10076,-152,169.28587341308594,-14.149029731750488,66.85212707519531,1.9309828281402588,0.3162989616394043,2.1495914459228516,-2.760962963104248,3,Wind Turbine
-52633,-65518,10076,-152,175.75985717773438,-10.822775840759277,67.525146484375,9.839211463928223,0.7206657528877258,37.26996994018555,-2.666062355041504,3,Wind Turbine
-52633,-65518,10076,-152,180.32461547851562,-8.519120216369629,14.563284873962402,2.5422263145446777,0.25850987434387207,5.2707743644714355,-2.6666009426116943,3,Wind Turbine
-52633,-65518,10076,-152,203.4167022705078,-0.505681037902832,29.740596771240234,57.00839614868164,14.143217086791992,119.65857696533203,-2.715233087539673,3,Wind Turbine
-52633,-65518,10076,-152,210.3557586669922,17.476524353027344,-19.450298309326172,8.972517967224121,2.933462142944336,5.035150051116943,1.1156076192855835,3,Wind Turbine
-52633,-65518,10076,-152,218.62625122070312,11.217094421386719,12.01336669921875,4.702410697937012,0.20333947241306305,10.599237442016602,-2.717749834060669,3,Wind Turbine
-52633,-65518,10076,-152,228.02015686035156,16.1290340423584,58.626930236816406,2.6734402179718018,0.575705885887146,3.906111717224121,-2.7361292839050293,3,Wind Turbine
-52633,-65518,10076,-152,232.54818725585938,18.43547821044922,46.4101448059082,10.622579574584961,0.4812474548816681,2.550497055053711,-2.6779935359954834,3,Wind Turbine
-52633,-65518,10076,-152,237.64480590820312,20.971172332763672,72.34866333007812,3.0448389053344727,0.2011307328939438,3.4695816040039062,-2.6464860439300537,3,Wind Turbine
-76505,-74175,10000,-7,33.556880950927734,-3.27722430229187,-15.11990737915039,8.864835739135742,4.74579381942749,2.151998281478882,2.0018441677093506,3,Wind Turbine
-76505,-74175,10000,-7,36.812313079833984,-1.1097506284713745,14.8124418258667,6.607527732849121,0.6079484224319458,3.6494088172912598,3.024048089981079,3,Wind Turbine
-76505,-74175,10000,-7,45.65951919555664,-17.69727325439453,-19.585620880126953,22.239356994628906,15.593152046203613,7.706432342529297,2.177140951156616,3,Wind Turbine
-76505,-74175,10000,-7,51.753719329833984,0.5476796627044678,1.9000301361083984,28.928264617919922,17.70046043395996,68.15785217285156,2.349527597427368,3,Wind Turbine
-76505,-74175,10000,-7,46.16171646118164,-2.2605299949645996,10.082513809204102,1.3523633480072021,0.2816581726074219,4.4736480712890625,-2.8161332607269287,3,Wind Turbine
-76505,-74175,10000,-7,69.36686706542969,-7.963440895080566,-19.199106216430664,16.719989776611328,11.633076667785645,14.71603012084961,1.2413249015808105,3,Wind Turbine
-76505,-74175,10000,-7,66.82833099365234,-5.0492963790893555,13.087675094604492,1.4661481380462646,0.3633371591567993,4.749617576599121,-2.8206377029418945,3,Wind Turbine
-76505,-74175,10000,-7,91.67410278320312,-8.228889465332031,41.722877502441406,2.9339261054992676,0.3918232023715973,0.8576822280883789,-3.033569574356079,3,Wind Turbine
-76505,-74175,10000,-7,96.38249206542969,-8.854375839233398,44.90953063964844,1.8697757720947266,0.45286744832992554,0.32173633575439453,-3.0646169185638428,3,Wind Turbine
17595,37434,10000,-90,189.03916931152344,5.241364479064941,-23.913862228393555,5.869565010070801,3.788607358932495,5.669350624084473,-2.9070699214935303,3,Wind Turbine
17595,37434,10000,-90,198.74679565429688,-1.9057539701461792,22.77753448486328,79.82754516601562,14.17323112487793,128.32424926757812,1.55026113986969,3,Wind Turbine
17595,37434,10000,-90,195.46536254882812,-26.803457260131836,65.8538818359375,6.702895164489746,0.5322086811065674,7.882146835327148,1.5693798065185547,3,Wind Turbine
17595,37434,10000,-90,195.5322723388672,-27.095849990844727,76.079345703125,4.8724470138549805,0.2963777184486389,6.747169494628906,1.5861921310424805,3,Wind Turbine
17595,37434,10000,-90,195.58473205566406,-20.966053009033203,75.76194763183594,1.1117768287658691,0.32193106412887573,2.893810272216797,1.213023066520691,3,Wind Turbine
17595,37434,10000,-90,195.52659606933594,-15.3161039352417,73.93101501464844,0.9496795535087585,0.2936590909957886,4.580411911010742,1.0796822309494019,3,Wind Turbine
17595,37434,10000,-90,195.67039489746094,-6.736667633056641,5.403102874755859,1.181429147720337,0.1904682070016861,8.98214054107666,1.8709951639175415,3,Wind Turbine
17595,37434,10000,-90,195.7528076171875,2.5831844806671143,82.07951354980469,2.1933021545410156,0.39149579405784607,11.38784408569336,1.4664732217788696,3,Wind Turbine
17595,37434,10000,-90,196.0151824951172,35.967247009277344,27.326454162597656,12.255882263183594,0.5586534738540649,23.92264175415039,1.5544488430023193,3,Wind Turbine
17595,37434,10000,-90,195.99703979492188,34.715362548828125,52.401065826416016,6.432301998138428,0.5047008991241455,5.685358047485352,1.55972158908844,3,Wind Turbine
17595,37434,10000,-90,196.0504150390625,36.381160736083984,43.48900604248047,4.696611404418945,0.4705662131309509,2.193179130554199,1.5444395542144775,3,Wind Turbine
17595,37434,10000,-90,198.7185516357422,39.99534225463867,-25.488121032714844,7.642988204956055,1.9435864686965942,3.4229111671447754,0.9683747291564941,3,Wind Turbine
17595,37434,10000,-90,204.79052734375,-15.453600883483887,-21.64825439453125,19.08531379699707,11.813057899475098,8.798418045043945,2.358337640762329,3,Wind Turbine
17595,37434,10000,-90,205.48526000976562,38.28565979003906,-25.351491928100586,10.619664192199707,7.148493766784668,4.9649763107299805,2.1159071922302246,3,Wind Turbine
17595,37434,10000,-90,206.08363342285156,-5.137428283691406,-23.152835845947266,3.488375663757324,1.9179378747940063,5.0667548179626465,2.7717230319976807,3,Wind Turbine
17595,37434,10000,-90,209.49954223632812,17.36515235900879,-25.410335540771484,3.280604362487793,2.1011688709259033,9.311616897583008,1.0347152948379517,3,Wind Turbine
-59958,44796,10544,-33,88.80589294433594,4.518447399139404,-25.162866592407227,1.3113380670547485,0.8511525988578796,2.138042449951172,1.868567705154419,3,Wind Turbine
-59958,44796,10544,-33,122.78114318847656,3.759517192840576,11.431283950805664,87.22614288330078,24.408666610717773,118.17720031738281,2.6033499240875244,3,Wind Turbine
-59958,44796,10544,-33,93.69111633300781,2.9235072135925293,-29.051727294921875,1.8341331481933594,0.9599869251251221,4.144291877746582,2.2387571334838867,3,Wind Turbine
-59958,44796,10544,-33,95.38439178466797,15.8555326461792,5.657637596130371,1.8949971199035645,0.2914169430732727,7.6732611656188965,2.5714058876037598,3,Wind Turbine
-59958,44796,10544,-33,101.72003936767578,11.63343620300293,2.1946892738342285,8.322233200073242,0.4317973554134369,12.726814270019531,2.5640194416046143,3,Wind Turbine
-59958,44796,10544,-33,105.0189437866211,21.65029525756836,-24.687955856323242,13.170281410217285,7.2435832023620605,8.73568058013916,2.489866256713867,3,Wind Turbine
-59958,44796,10544,-33,104.19620513916016,8.423931121826172,-29.298648834228516,7.997312545776367,3.3620870113372803,7.844650745391846,-2.687375545501709,3,Wind Turbine
-59958,44796,10544,-33,102.18421173095703,11.397397994995117,-7.85944128036499,1.2527132034301758,0.15771573781967163,2.5085151195526123,2.6235947608947754,3,Wind Turbine
-59958,44796,10544,-33,103.17096710205078,-3.212404251098633,-31.46939468383789,11.061660766601562,2.543877363204956,5.46173095703125,1.498897671699524,3,Wind Turbine
-59958,44796,10544,-33,107.6556625366211,-6.485772132873535,-32.03572463989258,1.82853364944458,1.1227688789367676,2.3822426795959473,-2.4360406398773193,3,Wind Turbine
-59958,44796,10544,-33,111.80718231201172,13.787948608398438,-27.528514862060547,4.352748394012451,4.77260684967041,8.769285202026367,1.7275663614273071,3,Wind Turbine
-59958,44796,10544,-33,118.04728698730469,5.884846210479736,-31.212770462036133,9.016032218933105,3.756413459777832,6.532540321350098,-2.537658214569092,3,Wind Turbine
-59958,44796,10544,-33,121.47470092773438,-10.10025405883789,-33.0156364440918,10.488080978393555,9.153919219970703,4.994161128997803,0.9973540306091309,3,Wind Turbine
-59958,44796,10544,-33,118.01702880859375,17.25264549255371,-29.889705657958984,2.8401894569396973,1.9817214012145996,5.095798969268799,1.4656766653060913,3,Wind Turbine
-59958,44796,10544,-33,143.55213928222656,-16.046733856201172,7.096230983734131,4.0771379470825195,0.5596250891685486,6.8307695388793945,2.6069536209106445,3,Wind Turbine
-59958,44796,10544,-33,147.74557495117188,-18.8382568359375,13.822735786437988,1.887505054473877,0.3281930685043335,3.4644293785095215,2.7673633098602295,3,Wind Turbine
-59958,44796,10544,-33,152.8667449951172,-22.15984344482422,18.88848114013672,6.086792945861816,0.4606209397315979,3.6931681632995605,2.5569663047790527,3,Wind Turbine
-59958,44796,10544,-33,160.05389404296875,-26.871034622192383,34.56077575683594,3.6750526428222656,0.2745530307292938,12.730255126953125,2.5621793270111084,3,Wind Turbine
10880,19357,10000,-16,50.08013916015625,-0.07956986874341965,4.806934356689453,49.65708923339844,10.655296325683594,67.27438354492188,3.008716106414795,3,Wind Turbine
10880,19357,10000,-16,51.11323165893555,-24.812349319458008,-25.26807403564453,4.182376384735107,1.7181800603866577,5.534825325012207,1.1375439167022705,3,Wind Turbine
10880,19357,10000,-16,58.9038200378418,-7.581689357757568,-24.89223861694336,23.65111541748047,7.360886573791504,17.00482177734375,1.181265950202942,3,Wind Turbine
10880,19357,10000,-16,62.95882034301758,-18.761873245239258,-23.884958267211914,6.123381614685059,2.6231212615966797,4.164648056030273,-2.471278190612793,3,Wind Turbine
10880,19357,10000,-16,83.31890869140625,-8.137654304504395,35.737525939941406,18.06553077697754,1.678330659866333,9.564924240112305,2.8776373863220215,3,Wind Turbine
-30177,-43842,12203,120,38.78912353515625,13.561497688293457,0.6580839157104492,39.14722442626953,7.431673049926758,51.59181594848633,1.9103244543075562,3,Wind Turbine
-30177,-43842,12203,120,47.95380401611328,-18.715938568115234,-21.627443313598633,2.0202314853668213,1.2767977714538574,2.226691246032715,0.9299100637435913,3,Wind Turbine
-30177,-43842,12203,120,48.187034606933594,-2.1281023025512695,9.250387191772461,1.2192261219024658,0.4695591330528259,9.554323196411133,1.576215147972107,3,Wind Turbine
-30177,-43842,12203,120,49.8250846862793,-4.665236473083496,-4.804009437561035,0.6901692748069763,0.27399715781211853,5.112401962280273,1.6936615705490112,3,Wind Turbine
-30177,-43842,12203,120,59.08662414550781,-20.52276611328125,26.13534164428711,21.31076431274414,0.7736353874206543,13.357925415039062,2.1163976192474365,3,Wind Turbine
-30177,-43842,12203,120,66.04714965820312,-32.129783630371094,27.31938934326172,10.968255996704102,0.42494314908981323,24.48915672302246,2.1191513538360596,3,Wind Turbine
-43947,14946,10000,-105,273.59844970703125,-32.508365631103516,45.35559844970703,5.28330135345459,0.4036521315574646,11.616969108581543,1.2880752086639404,3,Wind Turbine
-43947,14946,10000,-105,274.8471374511719,-27.774564743041992,55.22486114501953,4.708343505859375,0.5070357322692871,2.545952796936035,1.3109779357910156,3,Wind Turbine
-43947,14946,10000,-105,274.8718566894531,-27.71458625793457,62.05378723144531,2.423072099685669,0.5547623038291931,3.3351993560791016,1.288068413734436,3,Wind Turbine
-43947,14946,10000,-105,275.63104248046875,-25.023366928100586,68.69705200195312,1.5663009881973267,0.582868218421936,2.438974380493164,1.2709414958953857,3,Wind Turbine
-43947,14946,10000,-105,284.8352355957031,-0.8035783767700195,41.246482849121094,64.49470520019531,11.13609790802002,95.77940368652344,1.3061256408691406,3,Wind Turbine
-43947,14946,10000,-105,286.7178039550781,15.5610990524292,25.5777645111084,15.716033935546875,0.8717617392539978,34.094635009765625,1.291506052017212,3,Wind Turbine
